cluster,brand,model,region,suggested_url,suggested_title,suggested_meta_description
Other,Western,,,/refrigeration/gujarat,Western Commercial Refrigeration – Best Price in Gujarat (સેવા અને સપોર્ટ),"Buy Western Other in Gujarat and across Gujarat. Trusted by leading brands. Fast delivery, on-site installation, and warranty support. ગુજરાતમાં શ્રેષ્ઠ ભાવ. અગ્રણી બ્રાન્ડ્સ વિશ્વાસપૂર્વક ઉપયોગ કરે છે."
Deep Freezer,,,,/deep-freezer/gujarat,Deep Freezer – Best Price in Gujarat (સેવા અને સપોર્ટ),"Buy Deep Freezer in Gujarat and across Gujarat. Trusted by leading brands. Fast delivery, on-site installation, and warranty support. ગુજરાતમાં શ્રેષ્ઠ ભાવ. અગ્રણી બ્રાન્ડ્સ વિશ્વાસપૂર્વક ઉપયોગ કરે છે."
Deep Freezer,Western,,,/deep-freezer/gujarat,Western Deep Freezer – Best Price in Gujarat (સેવા અને સપોર્ટ),"Buy Western Deep Freezer in Gujarat and across Gujarat. Trusted by leading brands. Fast delivery, on-site installation, and warranty support. ગુજરાતમાં શ્રેષ્ઠ ભાવ. અગ્રણી બ્રાન્ડ્સ વિશ્વાસપૂર્વક ઉપયોગ કરે છે."
Water Cooler,,,,/water-cooler/gujarat,Water Cooler – Best Price in Gujarat (સેવા અને સપોર્ટ),"Buy Water Cooler in Gujarat and across Gujarat. Trusted by leading brands. Fast delivery, on-site installation, and warranty support. ગુજરાતમાં શ્રેષ્ઠ ભાવ. અગ્રણી બ્રાન્ડ્સ વિશ્વાસપૂર્વક ઉપયોગ કરે છે."
Deep Freezer,,,,/deep-freezer/gujarat,Deep Freezer – Best Price in Gujarat (સર્વશ્રેષ્ઠ ભાવ),"Buy Deep Freezer in Gujarat and across Gujarat. Trusted by leading brands. Fast delivery, on-site installation, and warranty support. ગુજરાતમાં શ્રેષ્ઠ ભાવ. અગ્રણી બ્રાન્ડ્સ વિશ્વાસપૂર્વક ઉપયોગ કરે છે."
Visi Cooler,,,,/visi-cooler/gujarat,Visi Cooler – Best Price in Gujarat (સેવા અને સપોર્ટ),"Buy Visi Cooler in Gujarat and across Gujarat. Trusted by leading brands. Fast delivery, on-site installation, and warranty support. ગુજરાતમાં શ્રેષ્ઠ ભાવ. અગ્રણી બ્રાન્ડ્સ વિશ્વાસપૂર્વક ઉપયોગ કરે છે."
Other,,,,/refrigeration/gujarat,Commercial Refrigeration – Best Price in Gujarat (સેવા અને સપોર્ટ),"Buy Other in Gujarat and across Gujarat. Trusted by leading brands. Fast delivery, on-site installation, and warranty support. ગુજરાતમાં શ્રેષ્ઠ ભાવ. અગ્રણી બ્રાન્ડ્સ વિશ્વાસપૂર્વક ઉપયોગ કરે છે."
Other,,,,/refrigeration/gujarat,Commercial Refrigeration – Best Price in Gujarat (સર્વશ્રેષ્ઠ ભાવ),"Buy Other in Gujarat and across Gujarat. Trusted by leading brands. Fast delivery, on-site installation, and warranty support. ગુજરાતમાં શ્રેષ્ઠ ભાવ. અગ્રણી બ્રાન્ડ્સ વિશ્વાસપૂર્વક ઉપયોગ કરે છે."
Visi Cooler,Western,,,/visi-cooler/gujarat,Western Visi Cooler – Best Price in Gujarat (સેવા અને સપોર્ટ),"Buy Western Visi Cooler in Gujarat and across Gujarat. Trusted by leading brands. Fast delivery, on-site installation, and warranty support. ગુજરાતમાં શ્રેષ્ઠ ભાવ. અગ્રણી બ્રાન્ડ્સ વિશ્વાસપૂર્વક ઉપયોગ કરે છે."
Ice Machine,,,,/ice-machine/gujarat,Ice Machine – Best Price in Gujarat (સેવા અને સપોર્ટ),"Buy Ice Machine in Gujarat and across Gujarat. Trusted by leading brands. Fast delivery, on-site installation, and warranty support. ગુજરાતમાં શ્રેષ્ઠ ભાવ. અગ્રણી બ્રાન્ડ્સ વિશ્વાસપૂર્વક ઉપયોગ કરે છે."
Other,Western,,,/refrigeration/gujarat,Western Commercial Refrigeration – Best Price in Gujarat (સર્વશ્રેષ્ઠ ભાવ),"Buy Western Other in Gujarat and across Gujarat. Trusted by leading brands. Fast delivery, on-site installation, and warranty support. ગુજરાતમાં શ્રેષ્ઠ ભાવ. અગ્રણી બ્રાન્ડ્સ વિશ્વાસપૂર્વક ઉપયોગ કરે છે."
Deep Freezer,Western,,,/deep-freezer/gujarat,Western Deep Freezer – Best Price in Gujarat (સર્વશ્રેષ્ઠ ભાવ),"Buy Western Deep Freezer in Gujarat and across Gujarat. Trusted by leading brands. Fast delivery, on-site installation, and warranty support. ગુજરાતમાં શ્રેષ્ઠ ભાવ. અગ્રણી બ્રાન્ડ્સ વિશ્વાસપૂર્વક ઉપયોગ કરે છે."
Ice Machine,Western,,,/ice-machine/gujarat,Western Ice Machine – Best Price in Gujarat (સેવા અને સપોર્ટ),"Buy Western Ice Machine in Gujarat and across Gujarat. Trusted by leading brands. Fast delivery, on-site installation, and warranty support. ગુજરાતમાં શ્રેષ્ઠ ભાવ. અગ્રણી બ્રાન્ડ્સ વિશ્વાસપૂર્વક ઉપયોગ કરે છે."
Pastry Counter,,,,/pastry-counter/gujarat,Pastry Counter – Best Price in Gujarat (સેવા અને સપોર્ટ),"Buy Pastry Counter in Gujarat and across Gujarat. Trusted by leading brands. Fast delivery, on-site installation, and warranty support. ગુજરાતમાં શ્રેષ્ઠ ભાવ. અગ્રણી બ્રાન્ડ્સ વિશ્વાસપૂર્વક ઉપયોગ કરે છે."
Pastry Counter,Western,,,/pastry-counter/gujarat,Western Pastry Counter – Best Price in Gujarat (સેવા અને સપોર્ટ),"Buy Western Pastry Counter in Gujarat and across Gujarat. Trusted by leading brands. Fast delivery, on-site installation, and warranty support. ગુજરાતમાં શ્રેષ્ઠ ભાવ. અગ્રણી બ્રાન્ડ્સ વિશ્વાસપૂર્વક ઉપયોગ કરે છે."
Visi Cooler,,,,/visi-cooler/gujarat,Visi Cooler – Best Price in Gujarat (સર્વશ્રેષ્ઠ ભાવ),"Buy Visi Cooler in Gujarat and across Gujarat. Trusted by leading brands. Fast delivery, on-site installation, and warranty support. ગુજરાતમાં શ્રેષ્ઠ ભાવ. અગ્રણી બ્રાન્ડ્સ વિશ્વાસપૂર્વક ઉપયોગ કરે છે."
Vertical Freezer,,,,/vertical-freezer/gujarat,Vertical Freezer – Best Price in Gujarat (સેવા અને સપોર્ટ),"Buy Vertical Freezer in Gujarat and across Gujarat. Trusted by leading brands. Fast delivery, on-site installation, and warranty support. ગુજરાતમાં શ્રેષ્ઠ ભાવ. અગ્રણી બ્રાન્ડ્સ વિશ્વાસપૂર્વક ઉપયોગ કરે છે."
